,Delta,Omicron
Delta,0.0,0.028678607381646886
Omicron,0.028678607381646886,0.0
