,Clade,Slope
0,GKvsGRA,-0.03384077845040512
1,GRAvsGK,0.03384077845040512
