,GK,GRA
GK,0.0,-0.03384077845040512
GRA,0.03384077845040512,0.0
