,Clade,Slope
0,GHvsGK,9.565321570588519e-05
1,GHvsGR,-0.005068772599734985
2,GHvsGRA,-0.06258532025184371
3,GHvsGRY,-0.010302487867756166
4,GKvsGH,-9.565321570588519e-05
5,GKvsGR,-0.004202964444313948
6,GKvsGRA,-0.028128125936368
7,GKvsGRY,-0.010252579893696396
8,GRvsGH,0.005068772599734985
9,GRvsGK,0.004202964444313948
10,GRvsGRA,-0.03254087300788762
11,GRvsGRY,-0.0024515455386840803
12,GRAvsGH,0.06258532025184371
13,GRAvsGK,0.028128125936368
14,GRAvsGR,0.03254087300788762
15,GRAvsGRY,0.08364045688346422
16,GRYvsGH,0.010302487867756166
17,GRYvsGK,0.010252579893696403
18,GRYvsGR,0.0024515455386840803
19,GRYvsGRA,-0.08364045688346422
