,Alpha,Beta
Alpha,0.0,0.023805956390004823
Beta,0.023805956390004823,0.0
