,Delta,Omicron
Delta,0.0,0.05139869339900107
Omicron,0.05139869339900107,0.0
