,GRY,GH
GRY,0.0,0.037165505416228296
GH,0.037165505416228296,0.0
