,Beta,Delta
Beta,0.0,0.021367121234622425
Delta,0.021367121234622425,0.0
