,Delta,Omicron
Delta,0.0,0.03496515909307256
Omicron,0.03496515909307256,0.0
