,Beta,Delta
Beta,0.0,0.017269115405083777
Delta,0.017269115405083777,0.0
