,Alpha,Beta
Alpha,0.0,0.02749261011333337
Beta,0.02749261011333337,0.0
