,GH,GK
GH,0.0,0.020353894015565456
GK,0.020353894015565456,0.0
