,GK,GRA
GK,0.0,0.051086871504420574
GRA,0.051086871504420574,0.0
