,Beta,Delta
Beta,0.0,0.005553577010980651
Delta,0.005553577010980651,0.0
