,Delta,Omicron
Delta,0.0,0.04481609161762086
Omicron,0.04481609161762086,0.0
