,Beta,Delta
Beta,0.0,0.00872937401635838
Delta,0.00872937401635838,0.0
