,Delta,Omicron
Delta,0.0,0.009445076770817976
Omicron,0.009445076770817976,0.0
