,Alpha,Beta
Alpha,0.0,0.004142483583551854
Beta,0.004142483583551854,0.0
