,Beta,Delta
Beta,0.0,0.01831164705162056
Delta,0.01831164705162056,0.0
