,Delta,Omicron
Delta,0.0,0.03206534754000047
Omicron,0.03206534754000047,0.0
