,Alpha,Beta
Alpha,0.0,6.938769701546946e-05
Beta,6.938769701546946e-05,0.0
