,GK,GRA
GK,0.0,0.04254960000593072
GRA,0.04254960000593072,0.0
