,Delta,Omicron
Delta,0.0,0.05799957500332805
Omicron,0.05799957500332805,0.0
