,Alpha,Beta
Alpha,0.0,0.0003952514013475669
Beta,0.0003952514013475669,0.0
