,GRY,GH
GRY,0.0,0.03329619815854048
GH,0.03329619815854048,0.0
