,GH,GK
GH,0.0,0.016285029512925733
GK,0.016285029512925733,0.0
