,GH,GK
GH,0.0,0.018208551084613212
GK,0.018208551084613212,0.0
