,Beta,Delta
Beta,0.0,0.019078741137754412
Delta,0.019078741137754412,0.0
