,Alpha,Beta
Alpha,0.0,0.014262934078508
Beta,0.014262934078508,0.0
