,GRY,GH
GRY,0.0,0.02745912873929297
GH,0.02745912873929297,0.0
