,GK,GRA
GK,0.0,0.06380086473731683
GRA,0.06380086473731683,0.0
