,Delta,Omicron
Delta,0.0,0.06377009026686421
Omicron,0.06377009026686421,0.0
