,Alpha,Beta
Alpha,0.0,0.031634821746418115
Beta,0.031634821746418115,0.0
