,Delta,Omicron
Delta,0.0,0.06875782180615866
Omicron,0.06875782180615866,0.0
