,GH,GK
GH,0.0,0.04354489923167465
GK,0.04354489923167465,0.0
