,GK,GRA
GK,0.0,0.06868033922260285
GRA,0.06868033922260285,0.0
