,Beta,Delta
Beta,0.0,0.04298399321480188
Delta,0.04298399321480188,0.0
