,GRY,GH
GRY,0.0,0.03090534865247328
GH,0.03090534865247328,0.0
