,Alpha,Beta
Alpha,0.0,0.010137369511847101
Beta,0.010137369511847101,0.0
