,Beta,Delta
Beta,0.0,0.03058705534331227
Delta,0.03058705534331227,0.0
