,GK,GRA
GK,0.0,0.08022880158267953
GRA,0.08022880158267953,0.0
