,Delta,Omicron
Delta,0.0,0.08012837348223101
Omicron,0.08012837348223101,0.0
