,GRY,GH
GRY,0.0,0.02777460335069551
GH,0.02777460335069551,0.0
