,GH,GK
GH,0.0,0.027811653421832287
GK,0.027811653421832287,0.0
