,Alpha,Beta
Alpha,0.0,0.012518749246611295
Beta,0.012518749246611295,0.0
