,GH,GK
GH,0.0,0.0312994149204707
GK,0.0312994149204707,0.0
