,GRY,GH
GRY,0.0,0.01837175738934288
GH,0.01837175738934288,0.0
