,Beta,Delta
Beta,0.0,0.031843232665193816
Delta,0.031843232665193816,0.0
