,GK,GRA
GK,0.0,0.07276045535129812
GRA,0.07276045535129812,0.0
