,Delta,Omicron
Delta,0.0,0.00943670569624815
Omicron,0.00943670569624815,0.0
