,Alpha,Beta
Alpha,0.0,0.007492869549749712
Beta,0.007492869549749712,0.0
