,Beta,Delta
Beta,0.0,0.014889313898239031
Delta,0.014889313898239031,0.0
