,Delta,Omicron
Delta,0.0,0.07272706911121728
Omicron,0.07272706911121728,0.0
