,GH,GK
GH,0.0,0.027462906855115078
GK,0.027462906855115078,0.0
