,Beta,Delta
Beta,0.0,0.02767518021268581
Delta,0.02767518021268581,0.0
