,GK,GRA
GK,0.0,0.07025183956696658
GRA,0.07025183956696658,0.0
