,Alpha,Beta
Alpha,0.0,0.007790766869150506
Beta,0.007790766869150506,0.0
