,GRY,GH
GRY,0.0,0.002067053986458915
GH,0.002067053986458915,0.0
