,Delta,Omicron
Delta,0.0,0.06992059853560326
Omicron,0.06992059853560326,0.0
