,Delta,Omicron
Delta,0.0,0.07215675231356833
Omicron,0.07215675231356833,0.0
