,GH,GK
GH,0.0,0.02344487281761277
GK,0.02344487281761277,0.0
