,Alpha,Beta
Alpha,0.0,0.00039286958332225824
Beta,0.00039286958332225824,0.0
