,GRY,GH
GRY,0.0,0.031345141660280136
GH,0.031345141660280136,0.0
