,Beta,Delta
Beta,0.0,0.023270572311541293
Delta,0.023270572311541293,0.0
