,GK,GRA
GK,0.0,0.07227296224671731
GRA,0.07227296224671731,0.0
