,Alpha,Beta
Alpha,0.0,0.01804457927866314
Beta,0.01804457927866314,0.0
