,Beta,Delta
Beta,0.0,0.039488712046984356
Delta,0.039488712046984356,0.0
