,Alpha,Beta
Alpha,0.0,0.020673610760973685
Beta,0.020673610760973685,0.0
