,GH,GK
GH,0.0,0.04735755343600877
GK,0.04735755343600877,0.0
