,GRY,GH
GRY,0.0,0.016211987917325445
GH,0.016211987917325445,0.0
