,GK,GRA
GK,0.0,0.06414440817423353
GRA,0.06414440817423353,0.0
