,Delta,Omicron
Delta,0.0,0.073429588252344
Omicron,0.073429588252344,0.0
