,GH,GK
GH,0.0,0.03571141799908295
GK,0.03571141799908295,0.0
