,Beta,Delta
Beta,0.0,0.006530130482639727
Delta,0.006530130482639727,0.0
