,GK,GRA
GK,0.0,0.07580707790084805
GRA,0.07580707790084805,0.0
