,Delta,Omicron
Delta,0.0,0.0749015586559664
Omicron,0.0749015586559664,0.0
