,GRY,GH
GRY,0.0,0.013750255242556075
GH,0.013750255242556075,0.0
