,Alpha,Beta
Alpha,0.0,0.0076457129762286654
Beta,0.0076457129762286654,0.0
