,Beta,Delta
Beta,0.0,0.01533565121554581
Delta,0.01533565121554581,0.0
