,GRY,GH
GRY,0.0,0.018789801467180973
GH,0.018789801467180973,0.0
