,Alpha,Beta
Alpha,0.0,0.009695272200364074
Beta,0.009695272200364074,0.0
