,GK,GRA
GK,0.0,0.07466572659791346
GRA,0.07466572659791346,0.0
