,Delta,Omicron
Delta,0.0,0.07431804774301876
Omicron,0.07431804774301876,0.0
