,GH,GK
GH,0.0,0.010051475038452653
GK,0.010051475038452653,0.0
