,Alpha,Beta
Alpha,0.0,0.0015986321058678384
Beta,0.0015986321058678384,0.0
