,GK,GRA
GK,0.0,0.04963812972557107
GRA,0.04963812972557107,0.0
