,Delta,Omicron
Delta,0.0,0.04971112203235099
Omicron,0.04971112203235099,0.0
