,GRY,GH
GRY,0.0,0.011803241753564668
GH,0.011803241753564668,0.0
