,Beta,Delta
Beta,0.0,0.007300618512482916
Delta,0.007300618512482916,0.0
