,GH,GK
GH,0.0,0.010952087184624188
GK,0.010952087184624188,0.0
