,Beta,Delta
Beta,0.0,0.024623340933776834
Delta,0.024623340933776834,0.0
