,Alpha,Beta
Alpha,0.0,0.016381466547213376
Beta,0.016381466547213376,0.0
