,GH,GK
GH,0.0,0.0206072712055201
GK,0.0206072712055201,0.0
