,Delta,Omicron
Delta,0.0,0.07088780640289555
Omicron,0.07088780640289555,0.0
