,GRY,GH
GRY,0.0,0.012335987275340587
GH,0.012335987275340587,0.0
