,GK,GRA
GK,0.0,0.07115347466259199
GRA,0.07115347466259199,0.0
