,GRY,GH
GRY,0.0,0.02208290284704286
GH,0.02208290284704286,0.0
