,Alpha,Beta
Alpha,0.0,0.012270942377996676
Beta,0.012270942377996676,0.0
