,GK,GRA
GK,0.0,0.05898283816052375
GRA,0.05898283816052375,0.0
