,Beta,Delta
Beta,0.0,0.039627135431613274
Delta,0.039627135431613274,0.0
