,GH,GK
GH,0.0,0.027080967261004157
GK,0.027080967261004157,0.0
