,Delta,Omicron
Delta,0.0,0.0589980290636081
Omicron,0.0589980290636081,0.0
