,Alpha,Beta
Alpha,0.0,0.0003918230535953201
Beta,0.0003918230535953201,0.0
