,BA.1,BA.2
BA.1,0.0,0.07248878961838942
BA.2,0.07248878961838942,0.0
