,Beta,Delta
Beta,0.0,0.006185075168863802
Delta,0.006185075168863802,0.0
