,BA.4,BA.5
BA.4,0.0,0.01919383716471422
BA.5,0.01919383716471422,0.0
