,BA.2,BA.4
BA.2,0.0,0.00018979151624436914
BA.4,0.00018979151624436914,0.0
