,GK,GRA
GK,0.0,0.00921584829926688
GRA,0.00921584829926688,0.0
