,GH,GK
GH,0.0,0.003963128513696758
GK,0.003963128513696758,0.0
