,Delta,Omicron
Delta,0.0,0.008010196418699066
Omicron,0.008010196418699066,0.0
