,GRY,GH
GRY,0.0,0.03399763539049715
GH,0.03399763539049715,0.0
