,Alpha,Beta
Alpha,0.0,0.007549541020062683
Beta,0.007549541020062683,0.0
