,GK,GRA
GK,0.0,0.07589463504100492
GRA,0.07589463504100492,0.0
