,Beta,Delta
Beta,0.0,0.027170973561159384
Delta,0.027170973561159384,0.0
