,GH,GK
GH,0.0,0.02198578444252659
GK,0.02198578444252659,0.0
