,Delta,Omicron
Delta,0.0,0.006345498713233222
Omicron,0.006345498713233222,0.0
