,Delta,Omicron
Delta,0.0,0.07607157792554227
Omicron,0.07607157792554227,0.0
