,GRY,GH
GRY,0.0,0.0006750396262489451
GH,0.0006750396262489451,0.0
