,Delta,Omicron
Delta,0.0,0.05269566749356987
Omicron,0.05269566749356987,0.0
