,GRY,GH
GRY,0.0,0.026169713409115558
GH,0.026169713409115558,0.0
