,Alpha,Beta
Alpha,0.0,0.02108008114667582
Beta,0.02108008114667582,0.0
