,GH,GK
GH,0.0,0.017245584015465568
GK,0.017245584015465568,0.0
