,Beta,Delta
Beta,0.0,0.061623394879855284
Delta,0.061623394879855284,0.0
