,GK,GRA
GK,0.0,0.05269598494773074
GRA,0.05269598494773074,0.0
