,Beta,Delta
Beta,0.0,0.01035960128281714
Delta,0.01035960128281714,0.0
