,Delta,Omicron
Delta,0.0,0.04700328955780368
Omicron,0.04700328955780368,0.0
