,GRY,GH
GRY,0.0,0.014450479020556998
GH,0.014450479020556998,0.0
