,Alpha,Beta
Alpha,0.0,0.014667937518570776
Beta,0.014667937518570776,0.0
