,Beta,Delta
Beta,0.0,0.039711996391265485
Delta,0.039711996391265485,0.0
