,GH,GK
GH,0.0,0.019202212383226024
GK,0.019202212383226024,0.0
