,Delta,Omicron
Delta,0.0,0.025991229982383457
Omicron,0.025991229982383457,0.0
