,GK,GRA
GK,0.0,0.04521615010075295
GRA,0.04521615010075295,0.0
