,Alpha,Beta
Alpha,0.0,0.07343062311430315
Beta,0.07343062311430315,0.0
