,GH,GK
GH,0.0,0.011705653380265685
GK,0.011705653380265685,0.0
