,GK,GRA
GK,0.0,0.06780480660780705
GRA,0.06780480660780705,0.0
