,GRY,GH
GRY,0.0,0.03562763034057297
GH,0.03562763034057297,0.0
