,Beta,Delta
Beta,0.0,0.009653380096069584
Delta,0.009653380096069584,0.0
