,Delta,Omicron
Delta,0.0,0.06780974027954316
Omicron,0.06780974027954316,0.0
