,GH,GK
GH,0.0,0.02875188392190811
GK,0.02875188392190811,0.0
