,GK,GRA
GK,0.0,0.07116519825384986
GRA,0.07116519825384986,0.0
