,Delta,Omicron
Delta,0.0,0.07136890825380293
Omicron,0.07136890825380293,0.0
