,Alpha,Beta
Alpha,0.0,0.009730679336548167
Beta,0.009730679336548167,0.0
