,GRY,GH
GRY,0.0,0.029670928699444703
GH,0.029670928699444703,0.0
