,Beta,Delta
Beta,0.0,0.024382026335455623
Delta,0.024382026335455623,0.0
