,Alpha,Beta
Alpha,0.0,0.09763122474215973
Beta,0.09763122474215973,0.0
