,GRY,GH
GRY,0.0,0.04803507637407186
GH,0.04803507637407186,0.0
