,GK,GRA
GK,0.0,0.053486050895477824
GRA,0.053486050895477824,0.0
