,Delta,Omicron
Delta,0.0,0.05339036171827132
Omicron,0.05339036171827132,0.0
