,Beta,Delta
Beta,0.0,0.04984978260046539
Delta,0.04984978260046539,0.0
