,GH,GK
GH,0.0,0.06028006988809907
GK,0.06028006988809907,0.0
