,Beta,Delta
Beta,0.0,0.0060879235719754074
Delta,0.0060879235719754074,0.0
