,GRY,GH
GRY,0.0,0.04084653245260138
GH,0.04084653245260138,0.0
