,GK,GRA
GK,0.0,0.08223774102351253
GRA,0.08223774102351253,0.0
