,Delta,Omicron
Delta,0.0,0.08486424794515353
Omicron,0.08486424794515353,0.0
