,GH,GK
GH,0.0,0.0072991496483832555
GK,0.0072991496483832555,0.0
