,Delta,Omicron
Delta,0.0,0.009314790051269554
Omicron,0.009314790051269554,0.0
