,Alpha,Beta
Alpha,0.0,0.0023125004986601807
Beta,0.0023125004986601807,0.0
