,Alpha,Beta
Alpha,0.0,0.0028251706781546155
Beta,0.0028251706781546155,0.0
