,BA.1,BA.2,BA.3,BA.4,BA.5
BA.1,0.0,0.007032779960776194,0.0019781804120545025,0.04241475421109011,0.045530207981966456
BA.2,0.007032779960776194,0.0,0.006208062110444657,0.03789173699598905,0.04218561273993988
BA.3,0.0019781804120545025,0.006208062110444657,0.0,0.04437174144770956,0.04711728396971364
BA.4,0.04241475421109011,0.03789173699598905,0.04437174144770956,0.0,0.0038692512281333865
BA.5,0.045530207981966456,0.04218561273993988,0.04711728396971364,0.0038692512281333865,0.0
