Location,Slope
North America,-0.008249209140422658
South America,-0.05540998420742065
Europe,-0.009914884959436283
Oceania,-0.006391809718537095
Asia,-0.05767270706144409
Africa,-0.035182515133624255
