Location,Slope
North America,-0.007199732415349554
South America,-0.056063522428697124
Europe,-0.009436705696248174
Oceania,-0.006345498713233229
Asia,-0.05799957500332806
Africa,-0.03496515909307255
