Location,Slope
North America,0.0059389595434088185
South America,0.05564135393243981
Europe,0.009169909759879065
Oceania,0.006057008429115606
Asia,0.057634146228688225
Africa,0.03349571020799735
